{"cameraMode":{"drawMode":0,"name":"Shaded","section":"Shading Mode"},"sceneLighting":false,"audioPlay":false,"sceneViewState":{"m_AlwaysRefresh":false,"showFog":true,"showSkybox":false,"showFlares":true,"showImageEffects":true,"showParticleSystems":true,"showVisualEffectGraphs":true,"m_FxEnabled":true},"in2DMode":false,"pivot":{"x":-10.609785079956055,"y":0.9411521553993225,"z":11.887184143066407},"rotation":{"x":-0.0065423171035945419,"y":0.13458696007728578,"z":0.0008882911643013358,"w":0.9908779859542847},"size":1.5314637422561646,"orthographic":false}