{"cameraMode":{"drawMode":0,"name":"Shaded","section":"Shading Mode"},"sceneLighting":false,"audioPlay":false,"sceneViewState":{"m_AlwaysRefresh":false,"showFog":true,"showSkybox":false,"showFlares":true,"showImageEffects":true,"showParticleSystems":true,"showVisualEffectGraphs":true,"m_FxEnabled":true},"in2DMode":false,"pivot":{"x":13.467228889465332,"y":5.8345866203308109,"z":30.660343170166017},"rotation":{"x":-0.07658958435058594,"y":0.10598237067461014,"z":0.008187155239284039,"w":0.9913786053657532},"size":9.980125427246094,"orthographic":false}