{"cameraMode":{"drawMode":0,"name":"Shaded","section":"Shading Mode"},"sceneLighting":false,"audioPlay":false,"sceneViewState":{"m_AlwaysRefresh":false,"showFog":true,"showSkybox":false,"showFlares":true,"showImageEffects":true,"showParticleSystems":true,"showVisualEffectGraphs":true,"m_FxEnabled":true},"in2DMode":false,"pivot":{"x":-1.0651216506958008,"y":5.993011474609375,"z":-37.61210632324219},"rotation":{"x":0.000587737828027457,"y":0.9993467926979065,"z":0.03059076890349388,"w":-0.019193604588508607},"size":18.779436111450197,"orthographic":false}