{"cameraMode":{"drawMode":0,"name":"Shaded","section":"Shading Mode"},"sceneLighting":false,"audioPlay":false,"sceneViewState":{"m_AlwaysRefresh":false,"showFog":true,"showSkybox":false,"showFlares":true,"showImageEffects":true,"showParticleSystems":true,"showVisualEffectGraphs":true,"m_FxEnabled":true},"in2DMode":false,"pivot":{"x":3.2948760986328127,"y":0.4147186875343323,"z":26.561189651489259},"rotation":{"x":0.020368237048387529,"y":-0.05246501788496971,"z":0.0010694984812289477,"w":0.9984118342399597},"size":4.44853401184082,"orthographic":false}